"ID","MultiBureau_Status","interfaceName","finalApplicationStatus","applicationRequest.request.applicant.kyc.kycName"
"566840116123","COMPLETE","GONOGO","PENDING","APPLICANT-PHOTO"
"566840116123","COMPLETE","GONOGO","PENDING","DRIVING-LICENSE"
"566840116123","COMPLETE","GONOGO","PENDING","PAN"
"566840116123","COMPLETE","GONOGO","PENDING","INCOME-PROOF1"
"566840116123","COMPLETE","GONOGO","PENDING","INCOME-PROOF2"
"566840116123","COMPLETE","GONOGO","PENDING","BANK-PASSBOOK"
"56684011630","COMPLETE","GONOGO","PENDING","APPLICANT-PHOTO"
"56684011630","COMPLETE","GONOGO","PENDING","DRIVING-LICENSE"
"56684011630","COMPLETE","GONOGO","PENDING","PAN"
"56684011630","COMPLETE","GONOGO","PENDING","INCOME-PROOF1"
"56684011630","COMPLETE","GONOGO","PENDING","INCOME-PROOF2"
"56684011630","COMPLETE","GONOGO","PENDING","BANK-PASSBOOK"
"56684011631","COMPLETE","GONOGO","PENDING","APPLICANT-PHOTO"
"56684011631","COMPLETE","GONOGO","PENDING","DRIVING-LICENSE"
"56684011631","COMPLETE","GONOGO","PENDING","PAN"
"56684011631","COMPLETE","GONOGO","PENDING","INCOME-PROOF1"
"56684011631","COMPLETE","GONOGO","PENDING","INCOME-PROOF2"
"56684011631","COMPLETE","GONOGO","PENDING","BANK-PASSBOOK"
"566840116318","COMPLETE","GONOGO","PENDING","APPLICANT-PHOTO"
"566840116318","COMPLETE","GONOGO","PENDING","DRIVING-LICENSE"
"566840116318","COMPLETE","GONOGO","PENDING","PAN"
"566840116318","COMPLETE","GONOGO","PENDING","INCOME-PROOF1"
"566840116318","COMPLETE","GONOGO","PENDING","INCOME-PROOF2"
"566840116318","COMPLETE","GONOGO","PENDING","BANK-PASSBOOK"
"566840116319","COMPLETE","GONOGO","PENDING","APPLICANT-PHOTO"
"566840116319","COMPLETE","GONOGO","PENDING","DRIVING-LICENSE"
"566840116319","COMPLETE","GONOGO","PENDING","PAN"
"566840116319","COMPLETE","GONOGO","PENDING","INCOME-PROOF1"
"566840116319","COMPLETE","GONOGO","PENDING","INCOME-PROOF2"
"566840116319","COMPLETE","GONOGO","PENDING","BANK-PASSBOOK"
"56684011632","COMPLETE","GONOGO","PENDING","APPLICANT-PHOTO"
"56684011632","COMPLETE","GONOGO","PENDING","DRIVING-LICENSE"
"56684011632","COMPLETE","GONOGO","PENDING","PAN"
"56684011632","COMPLETE","GONOGO","PENDING","INCOME-PROOF1"
"56684011632","COMPLETE","GONOGO","PENDING","INCOME-PROOF2"
"56684011632","COMPLETE","GONOGO","PENDING","BANK-PASSBOOK"
"566840116321","COMPLETE","GONOGO","PENDING","APPLICANT-PHOTO"
"566840116321","COMPLETE","GONOGO","PENDING","DRIVING-LICENSE"
"566840116321","COMPLETE","GONOGO","PENDING","PAN"
"566840116321","COMPLETE","GONOGO","PENDING","INCOME-PROOF1"
"566840116321","COMPLETE","GONOGO","PENDING","INCOME-PROOF2"
"566840116321","COMPLETE","GONOGO","PENDING","BANK-PASSBOOK"
"566840116322","COMPLETE","GONOGO","PENDING","APPLICANT-PHOTO"
"566840116322","COMPLETE","GONOGO","PENDING","DRIVING-LICENSE"
"566840116322","COMPLETE","GONOGO","PENDING","PAN"
"566840116322","COMPLETE","GONOGO","PENDING","INCOME-PROOF1"
"566840116322","COMPLETE","GONOGO","PENDING","INCOME-PROOF2"
"566840116322","COMPLETE","GONOGO","PENDING","BANK-PASSBOOK"
"56684011633","COMPLETE","GONOGO","PENDING","APPLICANT-PHOTO"
"56684011633","COMPLETE","GONOGO","PENDING","DRIVING-LICENSE"
"56684011633","COMPLETE","GONOGO","PENDING","PAN"
"56684011633","COMPLETE","GONOGO","PENDING","INCOME-PROOF1"
"56684011633","COMPLETE","GONOGO","PENDING","INCOME-PROOF2"
"56684011633","COMPLETE","GONOGO","PENDING","BANK-PASSBOOK"
"566840116335","COMPLETE","GONOGO","PENDING","APPLICANT-PHOTO"
"566840116335","COMPLETE","GONOGO","PENDING","DRIVING-LICENSE"
"566840116335","COMPLETE","GONOGO","PENDING","PAN"
"566840116335","COMPLETE","GONOGO","PENDING","INCOME-PROOF1"
"566840116335","COMPLETE","GONOGO","PENDING","INCOME-PROOF2"
"566840116335","COMPLETE","GONOGO","PENDING","BANK-PASSBOOK"
"566840116336","COMPLETE","GONOGO","PENDING","APPLICANT-PHOTO"
"566840116336","COMPLETE","GONOGO","PENDING","DRIVING-LICENSE"
"566840116336","COMPLETE","GONOGO","PENDING","PAN"
"566840116336","COMPLETE","GONOGO","PENDING","INCOME-PROOF1"
"566840116336","COMPLETE","GONOGO","PENDING","INCOME-PROOF2"
"566840116336","COMPLETE","GONOGO","PENDING","BANK-PASSBOOK"
"566840116339","COMPLETE","GONOGO","PENDING","APPLICANT-PHOTO"
"566840116339","COMPLETE","GONOGO","PENDING","DRIVING-LICENSE"
"566840116339","COMPLETE","GONOGO","PENDING","PAN"
"566840116339","COMPLETE","GONOGO","PENDING","INCOME-PROOF1"
"566840116339","COMPLETE","GONOGO","PENDING","INCOME-PROOF2"
"566840116339","COMPLETE","GONOGO","PENDING","BANK-PASSBOOK"
"56684011634","COMPLETE","GONOGO","PENDING","APPLICANT-PHOTO"
"56684011634","COMPLETE","GONOGO","PENDING","DRIVING-LICENSE"
"56684011634","COMPLETE","GONOGO","PENDING","PAN"
"56684011634","COMPLETE","GONOGO","PENDING","INCOME-PROOF1"
"56684011634","COMPLETE","GONOGO","PENDING","INCOME-PROOF2"
"56684011634","COMPLETE","GONOGO","PENDING","BANK-PASSBOOK"
"566840116340","COMPLETE","GONOGO","PENDING","APPLICANT-PHOTO"
"566840116340","COMPLETE","GONOGO","PENDING","DRIVING-LICENSE"
"566840116340","COMPLETE","GONOGO","PENDING","PAN"
"566840116340","COMPLETE","GONOGO","PENDING","INCOME-PROOF1"
"566840116340","COMPLETE","GONOGO","PENDING","INCOME-PROOF2"
"566840116340","COMPLETE","GONOGO","PENDING","BANK-PASSBOOK"
"566840116341","COMPLETE","GONOGO","PENDING","APPLICANT-PHOTO"
"566840116341","COMPLETE","GONOGO","PENDING","DRIVING-LICENSE"
"566840116341","COMPLETE","GONOGO","PENDING","PAN"
"566840116341","COMPLETE","GONOGO","PENDING","INCOME-PROOF1"
"566840116341","COMPLETE","GONOGO","PENDING","INCOME-PROOF2"
"566840116341","COMPLETE","GONOGO","PENDING","BANK-PASSBOOK"
"566840116342","COMPLETE","GONOGO","PENDING","APPLICANT-PHOTO"
"566840116342","COMPLETE","GONOGO","PENDING","DRIVING-LICENSE"
"566840116342","COMPLETE","GONOGO","PENDING","PAN"
"566840116342","COMPLETE","GONOGO","PENDING","INCOME-PROOF1"
"566840116342","COMPLETE","GONOGO","PENDING","INCOME-PROOF2"
"566840116342","COMPLETE","GONOGO","PENDING","BANK-PASSBOOK"
"566840116344","COMPLETE","GONOGO","PENDING","APPLICANT-PHOTO"
"566840116344","COMPLETE","GONOGO","PENDING","DRIVING-LICENSE"
"566840116344","COMPLETE","GONOGO","PENDING","PAN"
"566840116344","COMPLETE","GONOGO","PENDING","INCOME-PROOF1"
"566840116344","COMPLETE","GONOGO","PENDING","INCOME-PROOF2"
"566840116344","COMPLETE","GONOGO","PENDING","BANK-PASSBOOK"
"566840116345","COMPLETE","GONOGO","PENDING","APPLICANT-PHOTO"
"566840116345","COMPLETE","GONOGO","PENDING","DRIVING-LICENSE"
"566840116345","COMPLETE","GONOGO","PENDING","PAN"
"566840116345","COMPLETE","GONOGO","PENDING","INCOME-PROOF1"
"566840116345","COMPLETE","GONOGO","PENDING","INCOME-PROOF2"
"566840116345","COMPLETE","GONOGO","PENDING","BANK-PASSBOOK"
"566840116346","COMPLETE","GONOGO","PENDING","APPLICANT-PHOTO"
"566840116346","COMPLETE","GONOGO","PENDING","DRIVING-LICENSE"
"566840116346","COMPLETE","GONOGO","PENDING","PAN"
"566840116346","COMPLETE","GONOGO","PENDING","INCOME-PROOF1"
"566840116346","COMPLETE","GONOGO","PENDING","INCOME-PROOF2"
"566840116346","COMPLETE","GONOGO","PENDING","BANK-PASSBOOK"
"566840116347","COMPLETE","GONOGO","PENDING","APPLICANT-PHOTO"
"566840116347","COMPLETE","GONOGO","PENDING","DRIVING-LICENSE"
"566840116347","COMPLETE","GONOGO","PENDING","PAN"
"566840116347","COMPLETE","GONOGO","PENDING","INCOME-PROOF1"
"566840116347","COMPLETE","GONOGO","PENDING","INCOME-PROOF2"
"566840116347","COMPLETE","GONOGO","PENDING","BANK-PASSBOOK"
"56684011639","COMPLETE","GONOGO","PENDING","APPLICANT-PHOTO"
"56684011639","COMPLETE","GONOGO","PENDING","DRIVING-LICENSE"
"56684011639","COMPLETE","GONOGO","PENDING","PAN"
"56684011639","COMPLETE","GONOGO","PENDING","INCOME-PROOF1"
"56684011639","COMPLETE","GONOGO","PENDING","INCOME-PROOF2"
"56684011639","COMPLETE","GONOGO","PENDING","BANK-PASSBOOK"
"566840116911","COMPLETE","GONOGO","PENDING","APPLICANT-PHOTO"
"566840116911","COMPLETE","GONOGO","PENDING","DRIVING-LICENSE"
"566840116911","COMPLETE","GONOGO","PENDING","PAN"
"566840116911","COMPLETE","GONOGO","PENDING","INCOME-PROOF1"
"566840116911","COMPLETE","GONOGO","PENDING","INCOME-PROOF2"
"566840116911","COMPLETE","GONOGO","PENDING","BANK-PASSBOOK"
"566840116922","COMPLETE","GONOGO","PENDING","APPLICANT-PHOTO"
"566840116922","COMPLETE","GONOGO","PENDING","DRIVING-LICENSE"
"566840116922","COMPLETE","GONOGO","PENDING","PAN"
"566840116922","COMPLETE","GONOGO","PENDING","INCOME-PROOF1"
"566840116922","COMPLETE","GONOGO","PENDING","INCOME-PROOF2"
"566840116922","COMPLETE","GONOGO","PENDING","BANK-PASSBOOK"
"566840116929","COMPLETE","GONOGO","PENDING","APPLICANT-PHOTO"
"566840116929","COMPLETE","GONOGO","PENDING","DRIVING-LICENSE"
"566840116929","COMPLETE","GONOGO","PENDING","PAN"
"566840116929","COMPLETE","GONOGO","PENDING","INCOME-PROOF1"
"566840116929","COMPLETE","GONOGO","PENDING","INCOME-PROOF2"
"566840116929","COMPLETE","GONOGO","PENDING","BANK-PASSBOOK"
"566840116930","COMPLETE","GONOGO","PENDING","APPLICANT-PHOTO"
"566840116930","COMPLETE","GONOGO","PENDING","DRIVING-LICENSE"
"566840116930","COMPLETE","GONOGO","PENDING","PAN"
"566840116930","COMPLETE","GONOGO","PENDING","INCOME-PROOF1"
"566840116930","COMPLETE","GONOGO","PENDING","INCOME-PROOF2"
"566840116930","COMPLETE","GONOGO","PENDING","BANK-PASSBOOK"
"566840116931","COMPLETE","GONOGO","PENDING","APPLICANT-PHOTO"
"566840116931","COMPLETE","GONOGO","PENDING","DRIVING-LICENSE"
"566840116931","COMPLETE","GONOGO","PENDING","PAN"
"566840116931","COMPLETE","GONOGO","PENDING","INCOME-PROOF1"
"566840116931","COMPLETE","GONOGO","PENDING","INCOME-PROOF2"
"566840116931","COMPLETE","GONOGO","PENDING","BANK-PASSBOOK"
"566840116939","COMPLETE","GONOGO","PENDING","APPLICANT-PHOTO"
"566840116939","COMPLETE","GONOGO","PENDING","DRIVING-LICENSE"
"566840116939","COMPLETE","GONOGO","PENDING","PAN"
"566840116939","COMPLETE","GONOGO","PENDING","INCOME-PROOF1"
"566840116939","COMPLETE","GONOGO","PENDING","INCOME-PROOF2"
"566840116939","COMPLETE","GONOGO","PENDING","BANK-PASSBOOK"
"566840116940","COMPLETE","GONOGO","PENDING","APPLICANT-PHOTO"
"566840116940","COMPLETE","GONOGO","PENDING","DRIVING-LICENSE"
"566840116940","COMPLETE","GONOGO","PENDING","PAN"
"566840116940","COMPLETE","GONOGO","PENDING","INCOME-PROOF1"
"566840116940","COMPLETE","GONOGO","PENDING","INCOME-PROOF2"
"566840116940","COMPLETE","GONOGO","PENDING","BANK-PASSBOOK"
"566840116950","COMPLETE","GONOGO","PENDING","APPLICANT-PHOTO"
"566840116950","COMPLETE","GONOGO","PENDING","DRIVING-LICENSE"
"566840116950","COMPLETE","GONOGO","PENDING","PAN"
"566840116950","COMPLETE","GONOGO","PENDING","INCOME-PROOF1"
"566840116950","COMPLETE","GONOGO","PENDING","INCOME-PROOF2"
"566840116950","COMPLETE","GONOGO","PENDING","BANK-PASSBOOK"
"566840116951","COMPLETE","GONOGO","PENDING","APPLICANT-PHOTO"
"566840116951","COMPLETE","GONOGO","PENDING","DRIVING-LICENSE"
"566840116951","COMPLETE","GONOGO","PENDING","PAN"
"566840116951","COMPLETE","GONOGO","PENDING","INCOME-PROOF1"
"566840116951","COMPLETE","GONOGO","PENDING","INCOME-PROOF2"
"566840116951","COMPLETE","GONOGO","PENDING","BANK-PASSBOOK"
"566840116952","COMPLETE","GONOGO","PENDING","APPLICANT-PHOTO"
"566840116952","COMPLETE","GONOGO","PENDING","DRIVING-LICENSE"
"566840116952","COMPLETE","GONOGO","PENDING","PAN"
"566840116952","COMPLETE","GONOGO","PENDING","INCOME-PROOF1"
"566840116952","COMPLETE","GONOGO","PENDING","INCOME-PROOF2"
"566840116952","COMPLETE","GONOGO","PENDING","BANK-PASSBOOK"
"566840116953","COMPLETE","GONOGO","PENDING","APPLICANT-PHOTO"
"566840116953","COMPLETE","GONOGO","PENDING","DRIVING-LICENSE"
"566840116953","COMPLETE","GONOGO","PENDING","PAN"
"566840116953","COMPLETE","GONOGO","PENDING","INCOME-PROOF1"
"566840116953","COMPLETE","GONOGO","PENDING","INCOME-PROOF2"
"566840116953","COMPLETE","GONOGO","PENDING","BANK-PASSBOOK"
"566840116954","COMPLETE","GONOGO","PENDING","APPLICANT-PHOTO"
"566840116954","COMPLETE","GONOGO","PENDING","DRIVING-LICENSE"
"566840116954","COMPLETE","GONOGO","PENDING","PAN"
"566840116954","COMPLETE","GONOGO","PENDING","INCOME-PROOF1"
"566840116954","COMPLETE","GONOGO","PENDING","INCOME-PROOF2"
"566840116954","COMPLETE","GONOGO","PENDING","BANK-PASSBOOK"
"566840116955","COMPLETE","GONOGO","PENDING","APPLICANT-PHOTO"
"566840116955","COMPLETE","GONOGO","PENDING","DRIVING-LICENSE"
"566840116955","COMPLETE","GONOGO","PENDING","PAN"
"566840116955","COMPLETE","GONOGO","PENDING","INCOME-PROOF1"
"566840116955","COMPLETE","GONOGO","PENDING","INCOME-PROOF2"
"566840116955","COMPLETE","GONOGO","PENDING","BANK-PASSBOOK"
"566840116956","COMPLETE","GONOGO","PENDING","APPLICANT-PHOTO"
"566840116956","COMPLETE","GONOGO","PENDING","DRIVING-LICENSE"
"566840116956","COMPLETE","GONOGO","PENDING","PAN"
"566840116956","COMPLETE","GONOGO","PENDING","INCOME-PROOF1"
"566840116956","COMPLETE","GONOGO","PENDING","INCOME-PROOF2"
"566840116956","COMPLETE","GONOGO","PENDING","BANK-PASSBOOK"
"566840116957","COMPLETE","GONOGO","PENDING","APPLICANT-PHOTO"
"566840116957","COMPLETE","GONOGO","PENDING","DRIVING-LICENSE"
"566840116957","COMPLETE","GONOGO","PENDING","PAN"
"566840116957","COMPLETE","GONOGO","PENDING","INCOME-PROOF1"
"566840116957","COMPLETE","GONOGO","PENDING","INCOME-PROOF2"
"566840116957","COMPLETE","GONOGO","PENDING","BANK-PASSBOOK"
"566840116958","COMPLETE","GONOGO","PENDING","APPLICANT-PHOTO"
"566840116958","COMPLETE","GONOGO","PENDING","DRIVING-LICENSE"
"566840116958","COMPLETE","GONOGO","PENDING","PAN"
"566840116958","COMPLETE","GONOGO","PENDING","INCOME-PROOF1"
"566840116958","COMPLETE","GONOGO","PENDING","INCOME-PROOF2"
"566840116958","COMPLETE","GONOGO","PENDING","BANK-PASSBOOK"
"566840116959","COMPLETE","GONOGO","PENDING","APPLICANT-PHOTO"
"566840116959","COMPLETE","GONOGO","PENDING","DRIVING-LICENSE"
"566840116959","COMPLETE","GONOGO","PENDING","PAN"
"566840116959","COMPLETE","GONOGO","PENDING","INCOME-PROOF1"
"566840116959","COMPLETE","GONOGO","PENDING","INCOME-PROOF2"
"566840116959","COMPLETE","GONOGO","PENDING","BANK-PASSBOOK"
"566840116960","COMPLETE","GONOGO","PENDING","APPLICANT-PHOTO"
"566840116960","COMPLETE","GONOGO","PENDING","DRIVING-LICENSE"
"566840116960","COMPLETE","GONOGO","PENDING","PAN"
"566840116960","COMPLETE","GONOGO","PENDING","INCOME-PROOF1"
"566840116960","COMPLETE","GONOGO","PENDING","INCOME-PROOF2"
"566840116960","COMPLETE","GONOGO","PENDING","BANK-PASSBOOK"
"566840116961","COMPLETE","GONOGO","PENDING","APPLICANT-PHOTO"
"566840116961","COMPLETE","GONOGO","PENDING","DRIVING-LICENSE"
"566840116961","COMPLETE","GONOGO","PENDING","PAN"
"566840116961","COMPLETE","GONOGO","PENDING","INCOME-PROOF1"
"566840116961","COMPLETE","GONOGO","PENDING","INCOME-PROOF2"
"566840116961","COMPLETE","GONOGO","PENDING","BANK-PASSBOOK"